created_at,heart_rate,spo2,activity,sound_level,temperature
2025-10-11 00:17:23+00:00,82,96,0.44779,1484,36.58975
2025-10-11 00:17:42+00:00,86,97,0.49734,1496,37.15608
2025-10-11 00:18:06+00:00,92,95,0.80565,1635,37.05303
2025-10-11 00:18:25+00:00,59,98,0.025,892,36.5
2025-10-11 00:18:46+00:00,56,98,0.042,605,36.0
2025-10-11 00:19:04+00:00,54,98,0.034,818,36.0
2025-10-11 00:19:23+00:00,54,98,0.021,1487,35.9
2025-10-11 00:19:42+00:00,58,97,0.016,664,36.0
2025-10-11 00:20:02+00:00,60,98,0.038,760,36.6
2025-10-11 00:20:22+00:00,55,97,0.04,676,36.5
2025-10-11 00:20:41+00:00,56,97,0.015,800,36.4
2025-10-11 00:21:00+00:00,60,98,0.035,896,36.5
2025-10-11 00:21:15+00:00,53,96,0.019,717,36.2
2025-10-11 00:21:35+00:00,59,96,0.046,674,36.0
2025-10-11 00:21:54+00:00,55,96,0.04,859,36.1
2025-10-11 00:22:14+00:00,53,96,0.054,729,36.0
2025-10-11 00:22:33+00:00,84,97,0.3966,1506,36.7784
2025-10-11 00:22:52+00:00,86,97,0.3294,1664,37.1896
2025-10-11 00:23:09+00:00,81,96,0.454,1461,36.498
2025-10-11 00:23:28+00:00,87,95,0.4078,1653,36.6092
2025-10-11 00:23:43+00:00,82,97,0.4444,1540,37.1176
2025-10-11 00:24:02+00:00,83,95,0.4662,2970,37.1288
2025-10-11 00:24:22+00:00,84,95,0.518,1637,37.24
2025-10-11 00:24:41+00:00,84,96,0.5648,1585,36.5512
2025-10-11 00:24:57+00:00,86,95,0.5404,1393,36.5596
2025-10-11 00:25:16+00:00,83,97,0.6532,1478,36.7708
2025-10-11 00:25:34+00:00,88,97,0.5538,1284,36.5792
2025-10-11 00:25:58+00:00,92,97,0.6746,1304,37.0904
2025-10-11 00:26:17+00:00,92,97,0.7314,1506,36.8016
2025-10-11 00:26:40+00:00,79,97,0.432,1323,36.605
2025-10-11 00:26:57+00:00,80,95,0.50523,1572,36.83076
2025-10-11 00:27:17+00:00,83,96,0.58664,1178,36.75891
2025-10-11 00:27:36+00:00,88,97,0.56479,1231,37.27375
2025-10-11 00:27:56+00:00,91,96,0.54024,1379,37.07159
2025-10-11 00:28:16+00:00,87,97,0.51138,2784,37.25298
2025-10-11 00:28:31+00:00,80,95,0.5275,1448,36.63086
2025-10-11 00:28:50+00:00,85,95,0.33874,1622,36.49634
2025-10-11 00:29:10+00:00,85,95,0.25948,1210,37.16396
2025-10-11 00:29:25+00:00,83,96,0.26922,1148,36.54597
2025-10-11 00:29:47+00:00,79,97,0.30038,1087,37.03515
2025-10-11 00:30:06+00:00,78,95,0.29193,1495,36.44158
2025-10-11 00:30:26+00:00,85,97,0.37278,1175,37.16369
2025-10-11 00:30:48+00:00,79,97,0.43688,1464,36.49601
2025-10-11 00:31:03+00:00,100,96,0.94923,1836,37.4322
2025-10-11 00:31:22+00:00,104,94,1.2955,1910,37.02369
2025-10-11 00:31:42+00:00,104,94,1.38146,1936,36.87968
2025-10-11 00:32:01+00:00,104,96,1.45453,2105,37.28632
2025-10-11 00:32:21+00:00,103,95,1.25247,1707,37.44196
2025-10-11 00:32:40+00:00,103,96,1.04149,1563,37.35758
2025-10-11 00:33:00+00:00,92,95,0.78321,1838,37.25402
2025-10-11 00:33:19+00:00,91,96,0.59143,1682,37.05689
2025-10-11 00:33:39+00:00,83,95,0.35889,1293,36.69018
2025-10-11 00:33:54+00:00,84,95,0.33115,1478,36.87045
2025-10-11 00:34:13+00:00,79,95,0.36979,1288,36.88975
2025-10-11 00:34:32+00:00,87,96,0.53234,1172,36.65608
2025-10-11 00:34:51+00:00,89,95,0.80365,1633,36.65303
2025-10-11 00:35:11+00:00,53,96,0.024,2441,36.6
2025-10-11 00:35:30+00:00,54,97,0.02,843,36.0
2025-10-11 00:35:50+00:00,56,97,0.025,873,36.2
2025-10-11 00:36:12+00:00,58,97,0.047,871,36.1
2025-10-11 00:36:27+00:00,56,96,0.045,665,36.4
2025-10-11 00:36:46+00:00,55,96,0.023,652,36.2
2025-10-11 00:37:06+00:00,55,98,0.017,766,36.5
2025-10-11 00:37:25+00:00,57,96,0.042,921,35.9
2025-10-11 00:37:41+00:00,59,97,0.027,991,36.2
2025-10-11 00:38:01+00:00,59,96,0.022,678,36.4
2025-10-11 00:38:21+00:00,58,96,0.046,820,36.4
2025-10-11 00:38:40+00:00,54,98,0.051,831,36.8
2025-10-11 00:38:55+00:00,55,96,0.018,725,36.3
2025-10-11 00:39:13+00:00,60,96,0.018,962,36.7
2025-10-11 00:39:33+00:00,79,96,0.3436,1384,36.5784
2025-10-11 00:39:52+00:00,82,96,0.4194,1651,36.8896
2025-10-11 00:40:08+00:00,83,96,0.435,1550,36.998
2025-10-11 00:40:23+00:00,85,95,0.3916,1632,37.0064
2025-10-11 00:40:42+00:00,84,95,0.3974,1561,37.2176
2025-10-11 00:41:02+00:00,88,97,0.4792,1211,36.6288
2025-10-11 00:41:21+00:00,89,95,0.505,1652,37.24
2025-10-11 00:41:37+00:00,88,95,0.4946,1450,36.6484
2025-10-11 00:41:57+00:00,84,95,0.5834,1649,36.5596
2025-10-11 00:42:13+00:00,85,97,0.649,1699,36.868
2025-10-11 00:42:32+00:00,83,96,0.6798,1651,36.7792
2025-10-11 00:42:50+00:00,87,96,0.6844,1766,36.8876
2025-10-11 00:43:10+00:00,85,97,0.6982,1336,36.7988
2025-10-11 00:43:35+00:00,79,97,0.442,1714,37.105
2025-10-11 00:43:54+00:00,82,97,0.56268,1341,37.2387
2025-10-11 00:44:14+00:00,86,96,0.52793,1293,36.86409
2025-10-11 00:44:33+00:00,90,95,0.59864,2412,37.07486
2025-10-11 00:44:53+00:00,89,97,0.54495,1976,37.16837
2025-10-11 00:45:12+00:00,82,97,0.58099,1731,37.24622
2025-10-11 00:45:32+00:00,83,97,0.47583,3300,36.71388
2025-10-11 00:45:51+00:00,83,95,0.31304,1543,37.17934
2025-10-11 00:46:10+00:00,78,96,0.25154,2575,36.55116
2025-10-11 00:46:26+00:00,81,97,0.25793,1252,36.53848
2025-10-11 00:46:44+00:00,82,97,0.29033,1115,36.83513
2025-10-11 00:47:06+00:00,81,95,0.31176,1306,36.64579
2025-10-11 00:47:26+00:00,81,95,0.30682,1235,36.8711
2025-10-11 00:47:51+00:00,93,95,0.95265,1437,36.7063
2025-10-11 00:48:11+00:00,105,95,1.16026,1668,37.50338
2025-10-11 00:48:31+00:00,106,95,1.34147,1974,37.16996
2025-10-11 00:48:50+00:00,110,95,1.37796,1709,37.1896
2025-10-11 00:49:09+00:00,106,96,1.28825,2033,37.35743
2025-10-11 00:49:28+00:00,101,96,1.18878,1995,36.98141
2025-10-11 00:49:43+00:00,95,95,0.8925,1474,37.40664
2025-10-11 00:50:03+00:00,90,96,0.69211,1746,36.90304
2025-10-11 00:50:22+00:00,81,96,0.45063,1461,37.11847
2025-10-11 00:50:42+00:00,83,97,0.3028,2797,36.97381
2025-10-11 00:51:01+00:00,81,97,0.37901,1446,36.58011
2025-10-11 00:51:20+00:00,89,95,0.50524,2787,37.13581
2025-10-11 00:51:40+00:00,91,97,0.70011,1819,36.82715
2025-10-11 00:51:55+00:00,57,96,0.047,965,36.7
2025-10-11 00:52:14+00:00,59,97,0.037,847,36.6
2025-10-11 00:52:33+00:00,60,97,0.46,947,36.1
2025-10-11 00:52:52+00:00,58,96,0.035,611,36.6
2025-10-11 00:53:08+00:00,56,96,0.021,868,36.4
2025-10-11 00:53:27+00:00,53,98,0.039,937,36.5
2025-10-11 00:53:46+00:00,55,97,0.016,876,35.9
2025-10-11 00:54:06+00:00,53,97,0.022,942,36.8
2025-10-11 00:54:25+00:00,58,97,0.035,916,36.3
2025-10-11 00:54:44+00:00,54,98,0.049,937,36.8
2025-10-11 00:55:04+00:00,58,98,0.052,742,35.9
2025-10-11 00:55:23+00:00,54,97,0.041,769,36.7
2025-10-11 00:55:42+00:00,54,96,0.018,889,36.2
2025-10-11 00:56:02+00:00,81,96,0.2964,1186,36.7756
2025-10-11 00:56:21+00:00,79,97,0.3872,1563,36.8868
2025-10-11 00:56:41+00:00,86,97,0.467,1355,37.098
2025-10-11 00:57:00+00:00,79,96,0.4588,1196,36.7092
2025-10-11 00:57:19+00:00,81,97,0.4536,1195,37.1204
2025-10-11 00:57:39+00:00,85,97,0.4534,1316,37.0316
2025-10-11 00:57:55+00:00,81,97,0.551,1562,37.04
2025-10-11 00:58:15+00:00,90,97,0.5368,1602,37.2512
2025-10-11 00:58:34+00:00,83,97,0.5096,2183,37.2624
2025-10-11 00:58:53+00:00,91,96,0.6514,1337,36.8736
2025-10-11 00:59:12+00:00,86,97,0.6,1695,36.882
2025-10-11 00:59:27+00:00,84,95,0.6056,1757,37.0904
2025-10-11 00:59:46+00:00,93,97,0.6704,1495,36.6016
2025-10-11 01:00:06+00:00,85,97,0.447,3033,36.605
2025-10-11 01:00:21+00:00,85,96,0.51523,1168,37.13076
2025-10-11 01:00:40+00:00,88,96,0.51964,1175,36.55891
2025-10-11 01:01:00+00:00,87,96,0.64979,2231,36.57375
2025-10-11 01:01:15+00:00,91,95,0.55984,1244,36.57377
2025-10-11 01:01:31+00:00,84,95,0.53808,2263,37.26414
2025-10-11 01:01:50+00:00,88,96,0.57593,2647,37.2388
2025-10-11 01:02:10+00:00,80,96,0.44329,1099,37.10511
2025-10-11 01:02:29+00:00,78,97,0.34058,1077,37.07139
2025-10-11 01:02:48+00:00,77,97,0.30922,1251,36.54597
2025-10-11 01:03:07+00:00,75,96,0.23638,1372,37.03515
2025-10-11 01:03:27+00:00,83,96,0.30193,1543,36.94158
2025-10-11 01:03:46+00:00,82,95,0.28378,1584,36.46369
2025-10-11 01:04:05+00:00,78,97,0.41888,1192,36.89601
2025-10-11 01:04:20+00:00,97,95,0.97923,1924,36.9322
2025-10-11 01:04:36+00:00,97,95,1.17826,2050,37.10338
2025-10-11 01:04:55+00:00,102,95,1.31747,1618,37.26996
2025-10-11 01:05:13+00:00,106,94,2.15091,1906,37.58957
2025-10-11 01:05:33+00:00,103,96,1.97184,2006,37.5701
2025-10-11 01:05:52+00:00,98,96,1.19996,1594,37.10365
2025-10-11 01:06:11+00:00,97,96,0.8815,1716,37.40664
2025-10-11 01:06:30+00:00,92,95,0.68611,1580,37.30304
2025-10-11 01:06:50+00:00,88,97,0.48263,1685,37.21846
2025-10-11 01:07:10+00:00,82,97,0.3298,2247,36.57381
2025-10-11 01:07:29+00:00,83,97,0.33001,1165,37.18011
2025-10-11 01:07:48+00:00,90,97,0.47224,1440,36.53581
2025-10-11 01:08:08+00:00,87,96,0.67711,1700,37.22715
2025-10-11 01:08:27+00:00,59,96,0.05,897,36.3
2025-10-11 01:08:47+00:00,60,96,0.051,982,36.5
2025-10-11 01:09:06+00:00,56,96,0.053,648,36.7
2025-10-11 01:09:25+00:00,57,98,0.024,894,36.1
2025-10-11 01:09:44+00:00,56,97,0.024,650,36.3
2025-10-11 01:10:03+00:00,54,96,0.051,862,36.8
2025-10-11 01:10:22+00:00,54,98,0.028,818,35.9
2025-10-11 01:10:42+00:00,56,98,0.038,910,35.9
2025-10-11 01:11:02+00:00,54,98,0.038,672,36.3
2025-10-11 01:11:21+00:00,60,98,0.037,779,36.4
2025-10-11 01:11:40+00:00,59,96,0.021,848,36.7
2025-10-11 01:12:00+00:00,55,98,0.043,989,36.2
2025-10-11 01:12:19+00:00,82,97,0.31,1151,36.87
2025-10-11 01:12:38+00:00,81,95,0.3368,1180,37.1812
2025-10-11 01:12:58+00:00,84,96,0.3556,1158,36.5924
2025-10-11 01:13:17+00:00,86,97,0.4224,2066,36.9036
2025-10-11 01:13:38+00:00,80,95,0.4082,1404,36.7148
2025-10-11 01:13:57+00:00,80,95,0.491,1564,37.126
2025-10-11 01:14:13+00:00,83,97,0.5586,1529,37.1344
2025-10-11 01:14:32+00:00,86,95,0.5284,1605,37.1456
2025-10-11 01:14:53+00:00,84,97,0.5562,1505,36.6568
2025-10-11 01:15:12+00:00,91,97,0.528,1692,36.568
2025-10-11 01:15:32+00:00,87,97,0.6598,3242,36.7792
2025-10-11 01:15:47+00:00,90,96,0.6444,1754,36.5876
2025-10-11 01:16:07+00:00,93,96,0.6172,1782,37.1988
2025-10-11 01:16:31+00:00,82,95,0.425,1401,36.905
2025-10-11 01:16:51+00:00,89,96,0.52968,1367,36.83871
2025-10-11 01:17:10+00:00,83,96,0.54993,1354,37.26408
2025-10-11 01:18:24+00:00,88,97,0.53838,1633,37.05298
2025-10-11 01:18:43+00:00,81,97,0.4905,1684,36.93086
2025-10-11 01:19:02+00:00,82,95,0.36729,1664,36.60511
2025-10-11 01:20:14+00:00,79,95,0.26327,1122,36.93627
2025-10-11 01:20:32+00:00,81,97,0.29311,1550,37.03621
2025-10-11 01:20:52+00:00,79,97,0.23499,1054,36.65094
2025-10-11 01:21:11+00:00,80,96,0.33124,1206,36.97903
2025-10-11 01:21:26+00:00,95,97,0.874,1589,37.08
2025-10-11 01:21:41+00:00,100,96,1.07469,1849,36.85727
2025-10-11 01:21:57+00:00,105,96,1.1825,1693,37.52369
2025-10-11 01:22:16+00:00,107,94,1.35446,1592,37.37968
2025-10-11 01:22:35+00:00,106,96,1.38696,2114,37.2896
2025-10-11 01:22:53+00:00,102,96,1.74884,3260,37.4701
2025-10-11 01:23:13+00:00,99,94,1.19996,1620,36.90365
2025-10-11 01:23:32+00:00,96,94,0.9935,1559,37.00664
2025-10-11 01:23:50+00:00,92,95,0.73361,1528,36.82813
2025-10-11 01:24:12+00:00,86,96,0.46512,1353,36.53654
2025-10-11 01:24:31+00:00,86,95,0.3678,2358,36.68042
2025-10-11 01:24:50+00:00,79,96,0.33232,1363,36.67362
2025-10-11 01:25:10+00:00,81,95,0.49998,1425,36.61782
2025-10-11 01:25:29+00:00,89,97,0.72271,1431,37.30211
2025-10-11 01:25:48+00:00,56,98,0.04,657,35.9
2025-10-11 01:26:07+00:00,55,96,0.054,957,36.1
2025-10-11 01:26:27+00:00,60,98,0.033,700,36.7
2025-10-11 01:26:42+00:00,53,97,0.045,951,36.8
2025-10-11 01:27:12+00:00,53,96,0.043,909,36.7
2025-10-11 01:27:40+00:00,53,96,0.326,615,36.2
2025-10-11 01:27:59+00:00,56,97,0.026,737,36.7
2025-10-11 01:28:16+00:00,60,97,0.024,698,36.3
2025-10-11 01:28:36+00:00,60,98,0.015,610,36.5
2025-10-11 01:28:53+00:00,56,98,0.352,2405,36.4
2025-10-11 01:29:13+00:00,53,96,0.024,879,36.0
2025-10-11 01:29:39+00:00,56,96,0.049,1999,36.3
2025-10-11 01:29:54+00:00,55,97,0.04,975,35.9
2025-10-11 01:30:09+00:00,55,98,0.015,643,36.6
2025-10-11 01:30:29+00:00,80,95,0.4176,1154,36.9784
2025-10-11 01:30:48+00:00,85,97,0.3804,1451,37.0896
2025-10-11 01:31:07+00:00,85,97,0.3822,1676,37.2008
2025-10-11 01:31:27+00:00,82,97,0.403,1449,37.212
2025-10-11 01:31:46+00:00,87,97,0.4548,2114,36.5232
2025-10-11 01:32:06+00:00,85,96,0.4796,1264,36.7344
2025-10-11 01:32:25+00:00,85,95,0.5184,1472,36.8456
2025-10-11 01:32:45+00:00,87,96,0.5082,2437,36.9568
2025-10-11 01:33:04+00:00,89,96,0.58,1264,36.868
2025-10-11 01:33:23+00:00,83,96,0.5578,2228,36.5792
2025-10-11 01:33:42+00:00,86,96,0.5876,1515,36.7904
2025-10-11 01:34:01+00:00,89,96,0.6644,1680,37.2016
2025-10-11 01:34:21+00:00,84,96,0.419,2934,37.005
2025-10-11 01:34:40+00:00,89,95,0.51268,1522,37.0387
2025-10-11 01:35:01+00:00,86,95,0.58593,1299,37.06408
2025-10-11 01:35:24+00:00,86,97,0.61264,1198,36.87486
2025-10-11 01:35:43+00:00,87,97,0.58124,1702,37.17159
2025-10-11 01:36:02+00:00,82,97,0.61038,1618,37.15298
2025-10-11 01:36:20+00:00,85,96,0.5425,1675,37.23086
2025-10-11 01:36:40+00:00,85,95,0.37274,1534,36.69634
2025-10-11 01:36:55+00:00,85,97,0.31604,1091,37.07935
2025-10-11 01:37:10+00:00,78,97,0.30304,1118,36.85718
2025-10-11 01:37:30+00:00,75,95,0.24093,1039,37.03848
2025-10-11 01:37:49+00:00,78,97,0.22611,1438,37.13621
2025-10-11 01:38:09+00:00,83,95,0.27899,1560,37.15094
2025-10-11 01:38:50+00:00,85,97,0.46488,2281,36.99601
2025-10-11 01:39:05+00:00,93,96,0.98723,1624,36.8322
2025-10-11 01:39:25+00:00,99,96,1.9145,2492,36.92369
2025-10-11 01:39:44+00:00,107,95,1.34546,1677,37.07968
2025-10-11 01:40:04+00:00,107,94,1.43553,1674,37.18632
2025-10-11 01:40:22+00:00,106,95,1.32125,1845,37.55743
2025-10-11 01:40:42+00:00,104,94,1.09178,1501,37.28141
2025-10-11 01:40:59+00:00,97,95,0.9275,1399,37.20663
2025-10-11 01:41:14+00:00,87,96,0.75061,2987,36.72813
2025-10-11 01:41:34+00:00,89,96,0.55312,1704,36.63655
2025-10-11 01:41:54+00:00,86,95,0.3498,1418,36.78042
2025-10-11 01:42:13+00:00,85,96,0.33532,2096,36.77362
2025-10-11 01:42:33+00:00,85,97,0.51698,1275,36.91782
2025-10-11 01:42:52+00:00,88,95,0.72971,1510,37.20211
2025-10-11 01:43:11+00:00,55,97,0.039,788,36.3
2025-10-11 01:43:30+00:00,54,96,0.017,743,36.8
2025-10-11 01:43:49+00:00,56,96,0.048,971,36.6
2025-10-11 01:44:08+00:00,59,98,0.046,1523,36.0
2025-10-11 01:44:27+00:00,57,98,0.052,696,36.0
2025-10-11 01:44:46+00:00,57,97,0.016,762,36.4
2025-10-11 01:45:02+00:00,57,96,0.019,937,36.3
2025-10-11 01:45:21+00:00,60,97,0.041,712,36.2
2025-10-11 01:45:42+00:00,54,96,0.054,862,36.3
2025-10-11 01:45:59+00:00,55,97,0.02,705,36.3
2025-10-11 01:46:14+00:00,54,96,0.039,797,36.6
2025-10-11 01:46:34+00:00,56,97,0.017,756,36.7
2025-10-11 01:46:53+00:00,56,98,0.024,755,36.3
2025-10-11 01:47:13+00:00,56,96,0.026,623,36.7
2025-10-11 01:47:32+00:00,82,97,0.4134,1769,36.9756
2025-10-11 01:47:51+00:00,81,95,0.3632,1415,36.9868
2025-10-11 01:48:06+00:00,84,97,0.4118,1163,36.5952
2025-10-11 01:48:32+00:00,80,97,0.4088,1674,36.5092
2025-10-11 01:48:53+00:00,85,96,0.3996,3278,36.7204
2025-10-11 01:49:12+00:00,87,96,0.4774,1692,37.2316
2025-10-11 01:49:32+00:00,83,96,0.4982,1250,37.1428
2025-10-11 01:49:51+00:00,84,96,0.543,1180,36.754
2025-10-11 01:50:06+00:00,88,95,0.5486,2779,37.2624
2025-10-11 01:50:26+00:00,90,97,0.6394,1652,37.1736
2025-10-11 01:51:23+00:00,87,97,0.7184,1520,37.3016
2025-10-11 01:51:45+00:00,82,96,0.426,1872,36.605
2025-10-11 01:52:05+00:00,83,97,0.56268,1162,36.63871
2025-10-11 01:52:21+00:00,85,95,0.56864,1429,36.65892
2025-10-11 01:52:37+00:00,87,97,0.55815,2849,36.67156
2025-10-11 01:52:52+00:00,90,95,0.58965,1176,36.87487
2025-10-11 01:53:08+00:00,91,95,0.56295,1549,37.06837
2025-10-11 01:53:27+00:00,87,96,0.59299,1478,36.64622
2025-10-11 01:53:46+00:00,85,97,0.39183,1240,36.71388
2025-10-11 01:54:04+00:00,85,95,0.35454,2322,36.68771
2025-10-11 01:54:23+00:00,83,97,0.26404,1477,36.75718
2025-10-11 01:54:43+00:00,83,95,0.21893,1350,36.93847
2025-10-11 01:55:01+00:00,78,96,0.24011,1256,36.63621
2025-10-11 01:55:21+00:00,81,95,0.22999,1130,36.95094
2025-10-11 01:55:40+00:00,84,96,0.39824,1282,36.77904
2025-10-11 01:55:59+00:00,97,95,0.88365,1539,36.9063
2025-10-11 01:56:18+00:00,105,96,1.13626,3150,37.40338
2025-10-11 01:56:38+00:00,104,95,1.33547,1614,37.16996
2025-10-11 01:56:58+00:00,103,94,1.45496,1719,36.9896
2025-10-11 01:57:17+00:00,102,94,1.37625,1648,37.55743
2025-10-11 01:57:37+00:00,101,94,1.15478,1961,36.78141
2025-10-11 01:57:56+00:00,95,95,0.81786,1607,36.78033
2025-10-11 01:58:15+00:00,92,96,0.57373,1184,37.17917
2025-10-11 01:58:34+00:00,83,95,0.47467,2975,37.20293
2025-10-11 01:58:53+00:00,80,95,0.40015,1381,36.87045
2025-10-11 01:59:13+00:00,81,95,0.42279,1411,36.58975
2025-10-11 01:59:32+00:00,90,97,0.61834,1244,36.85608
2025-10-11 01:59:52+00:00,89,97,0.81465,1775,36.65303
2025-10-11 02:00:11+00:00,55,97,0.016,727,36.2
2025-10-11 02:00:30+00:00,54,97,0.035,818,36.3
2025-10-11 02:00:49+00:00,59,97,0.02,604,36.4
2025-10-11 02:01:09+00:00,54,98,0.023,730,36.6
2025-10-11 02:01:28+00:00,57,97,0.03,680,36.2
2025-10-11 02:01:48+00:00,54,96,0.043,2310,36.8
2025-10-11 02:02:07+00:00,60,96,0.039,2297,36.6
2025-10-11 02:02:26+00:00,54,98,0.049,646,36.7
2025-10-11 02:02:47+00:00,60,96,0.049,698,36.7
2025-10-11 02:03:03+00:00,54,96,0.015,885,36.7
2025-10-11 02:03:22+00:00,60,97,0.04,975,36.0
2025-10-11 02:03:41+00:00,54,96,0.049,775,36.0
2025-10-11 02:04:00+00:00,76,96,0.37,1041,36.87
2025-10-11 02:04:20+00:00,78,97,0.3248,1475,36.9812
2025-10-11 02:04:39+00:00,82,95,0.3656,1302,36.4924
2025-10-11 02:04:58+00:00,82,96,0.4184,1363,37.0036
2025-10-11 02:05:18+00:00,81,97,0.4072,1678,37.2148
2025-10-11 02:05:37+00:00,81,96,0.415,1390,36.726
2025-10-11 02:05:56+00:00,89,95,0.4678,1288,37.0372
2025-10-11 02:06:15+00:00,88,96,0.5706,1727,37.1484
2025-10-11 02:06:34+00:00,82,97,0.5904,1318,36.7596
2025-10-11 02:06:53+00:00,84,96,0.6082,1362,37.0708
2025-10-11 02:07:08+00:00,85,95,0.5668,1695,36.8792
2025-10-11 02:07:27+00:00,86,95,0.6536,1662,37.0904
2025-10-11 02:07:46+00:00,91,96,0.6804,1338,37.1016
2025-10-11 02:08:05+00:00,86,95,0.488,1643,37.005
2025-10-11 02:08:24+00:00,86,95,0.54468,1309,36.63871
2025-10-11 02:08:43+00:00,88,97,0.62193,1196,37.06408
2025-10-11 02:09:01+00:00,89,95,0.60364,1555,36.67486
2025-10-11 02:09:20+00:00,90,95,0.52895,3054,37.26837
2025-10-11 02:09:39+00:00,84,95,0.56599,1518,36.84622
2025-10-11 02:09:58+00:00,82,97,0.41883,1246,36.81388
2025-10-11 02:10:18+00:00,78,95,0.37604,1200,36.57935
2025-10-11 02:10:37+00:00,79,96,0.33654,1378,37.15115
2025-10-11 02:10:57+00:00,82,95,0.18927,1025,36.63627
2025-10-11 02:11:17+00:00,81,96,0.26567,1585,37.03837
2025-10-11 02:11:32+00:00,82,96,0.22499,1281,36.85094
2025-10-11 02:11:51+00:00,82,97,0.35224,3004,37.07904
2025-10-11 02:12:06+00:00,91,97,0.898,1703,37.28
2025-10-11 02:12:26+00:00,98,94,1.16803,2010,37.18112
2025-10-11 02:12:46+00:00,102,94,1.26779,3376,37.25725
2025-10-11 02:13:05+00:00,104,96,1.45491,1876,37.18958
2025-10-11 02:13:25+00:00,104,94,1.40284,1901,37.5701
2025-10-11 02:13:44+00:00,100,96,1.22196,1945,37.20365
2025-10-11 02:14:03+00:00,95,96,0.9315,1886,36.90664
2025-10-11 02:14:23+00:00,94,97,0.71911,1761,36.60304
2025-10-11 02:14:43+00:00,86,95,0.42463,1213,36.51846
2025-10-11 02:15:03+00:00,79,97,0.3088,2321,36.97381
2025-10-11 02:15:22+00:00,82,95,0.31301,1338,37.08011
2025-10-11 02:15:38+00:00,81,95,0.51698,1453,36.71782
2025-10-11 02:15:57+00:00,92,97,0.67471,1389,37.30211
2025-10-11 02:16:16+00:00,56,98,0.039,689,36.2
2025-10-11 02:16:36+00:00,57,98,0.371,734,36.7
2025-10-11 02:16:55+00:00,55,96,0.049,685,36.3
2025-10-11 02:17:15+00:00,55,97,0.029,1765,36.6
2025-10-11 02:17:34+00:00,59,98,0.026,671,36.6
2025-10-11 02:17:49+00:00,55,98,0.05,1817,36.0
2025-10-11 02:18:08+00:00,59,96,0.043,818,36.7
2025-10-11 02:18:27+00:00,58,98,0.05,747,36.6
2025-10-11 02:18:47+00:00,55,98,0.039,1817,36.7
2025-10-11 02:19:05+00:00,59,98,0.047,678,36.1
2025-10-11 02:19:28+00:00,57,97,0.025,645,36.5
2025-10-11 02:19:47+00:00,55,97,0.041,641,36.5
2025-10-11 02:20:02+00:00,54,98,0.027,973,36.3
2025-10-11 02:20:22+00:00,81,95,0.283,1621,36.97
2025-10-11 02:20:41+00:00,82,95,0.3798,1347,36.4812
2025-10-11 02:21:00+00:00,84,96,0.3686,1335,36.9924
2025-10-11 02:21:19+00:00,80,97,0.4844,1534,37.0036
2025-10-11 02:21:38+00:00,82,95,0.4962,1476,36.8148
2025-10-11 02:21:58+00:00,81,97,0.534,1369,37.226
2025-10-11 02:22:17+00:00,86,95,0.5678,1498,36.5372
2025-10-11 02:22:36+00:00,83,96,0.4856,2566,36.9484
2025-10-11 02:22:56+00:00,90,96,0.5674,1301,36.9596
2025-10-11 02:23:15+00:00,83,96,0.6222,1723,36.5708
2025-10-11 02:23:34+00:00,86,96,0.667,1279,37.282
2025-10-11 02:23:53+00:00,85,96,0.6478,1255,36.5932
2025-10-11 02:24:13+00:00,92,96,0.7196,1227,36.7044
2025-10-11 02:24:32+00:00,86,96,0.44555,1476,36.71377
2025-10-11 02:24:52+00:00,81,97,0.48975,1727,37.04612
2025-10-11 02:25:12+00:00,88,97,0.61282,1583,36.66832
2025-10-11 02:25:31+00:00,88,96,0.64265,1507,36.67487
2025-10-11 02:25:51+00:00,87,96,0.57608,1606,36.96414
2025-10-11 02:26:22+00:00,87,97,0.5555,1402,36.93086
2025-10-11 02:26:39+00:00,86,97,0.45529,1491,36.50511
2025-10-11 02:27:12+00:00,85,97,0.37748,1358,36.96396
2025-10-11 02:27:31+00:00,82,95,0.2593,1180,36.54173
2025-10-11 02:27:51+00:00,76,97,0.22733,1093,36.93513
2025-10-11 02:28:10+00:00,79,96,0.28276,2422,37.0458
2025-10-11 02:28:25+00:00,82,97,0.26078,1150,36.46369
2025-10-11 02:28:44+00:00,79,96,0.39188,1434,36.59601
2025-10-11 02:29:04+00:00,102,95,1.07869,1485,36.95727
2025-10-11 02:29:24+00:00,99,94,1.24392,1978,36.84175
2025-10-11 02:29:43+00:00,105,96,1.41536,2076,37.08625
2025-10-11 02:30:03+00:00,103,96,1.33573,1765,37.37978
2025-10-11 02:30:39+00:00,99,96,1.18996,1785,37.20365
2025-10-11 02:30:58+00:00,93,96,0.8805,1857,37.00664
2025-10-11 02:31:17+00:00,88,96,0.62811,1766,37.10304
2025-10-11 02:31:37+00:00,89,95,0.49863,1645,37.21846
2025-10-11 02:31:56+00:00,84,95,0.3408,2674,36.87381
2025-10-11 02:32:15+00:00,83,97,0.38701,1496,36.88011
2025-10-11 02:32:34+00:00,84,96,0.56524,1380,36.93581
2025-10-11 02:32:54+00:00,92,96,0.74811,1335,37.32715
2025-10-11 02:33:13+00:00,58,97,0.043,878,36.3
2025-10-11 02:33:32+00:00,57,97,0.027,900,35.9
2025-10-11 02:33:51+00:00,55,98,0.038,753,36.5
2025-10-11 02:34:11+00:00,55,98,0.034,799,36.5
2025-10-11 02:34:29+00:00,53,96,0.023,2048,36.4
2025-10-11 02:34:49+00:00,53,98,0.016,706,35.9
2025-10-11 02:35:08+00:00,56,97,0.025,632,36.2
2025-10-11 02:35:27+00:00,55,96,0.045,833,36.6
2025-10-11 02:35:46+00:00,56,96,0.022,781,36.0
2025-10-11 02:36:06+00:00,57,98,0.043,654,36.2
2025-10-11 02:36:25+00:00,55,96,0.045,882,36.2
2025-10-11 02:36:44+00:00,55,98,0.047,947,36.1
2025-10-11 02:37:00+00:00,60,97,0.042,947,35.9
2025-10-11 02:37:20+00:00,79,96,0.3586,1183,36.7784
2025-10-11 02:37:39+00:00,83,96,0.4154,1540,37.1896
2025-10-11 02:37:58+00:00,82,96,0.4232,1435,36.6008
2025-10-11 02:38:17+00:00,86,95,0.404,1179,36.512
2025-10-11 02:38:36+00:00,81,97,0.4158,1465,36.9232
2025-10-11 02:38:55+00:00,84,96,0.5646,1178,36.5344
2025-10-11 02:39:15+00:00,81,95,0.5134,1195,36.8456
2025-10-11 02:39:34+00:00,88,97,0.5352,1392,36.5568
2025-10-11 02:39:53+00:00,83,95,0.562,1621,36.768
2025-10-11 02:40:13+00:00,90,95,0.6498,1329,37.0792
2025-10-11 02:40:38+00:00,87,95,0.6158,1610,36.983884484905644
2025-10-11 02:40:57+00:00,90,97,0.7426,1351,37.485625579000875
2025-10-11 02:41:16+00:00,80,97,0.50755,1292,37.48525011820562
2025-10-11 02:41:35+00:00,82,95,0.53775,1408,37.407425391542
2025-10-11 02:41:55+00:00,91,95,0.56782,1363,37.618879366789685
2025-10-11 02:42:14+00:00,86,96,0.61765,1566,37.11396091506808
2025-10-11 02:42:33+00:00,90,96,0.64108,1546,37.29093003399003
2025-10-11 02:42:53+00:00,87,96,0.46093,1386,37.85229806903443
2025-10-11 02:43:16+00:00,81,95,0.48729,1256,37.50416793278752
2025-10-11 02:43:35+00:00,81,95,0.33158,1093,37.45475432170618
2025-10-11 02:43:54+00:00,81,97,0.33322,1210,38.11224393006076
2025-10-11 02:44:11+00:00,78,97,0.21027,1280,37.78392566071875
2025-10-11 02:44:36+00:00,75,95,0.26667,1171,37.865750832436355
2025-10-11 02:45:25+00:00,77,95,0.33824,1057,37.98436338332993
2025-10-11 02:45:40+00:00,92,95,1.546,1618,38.46136007020578
2025-10-11 02:45:56+00:00,98,95,1.05269,1931,38.11264066343298
2025-10-11 02:46:15+00:00,106,95,1.22892,1993,38.5689881370511
2025-10-11 02:46:33+00:00,102,94,1.37236,2022,38.683098853812304
2025-10-11 02:46:51+00:00,105,95,1.37153,2041,38.850412744865245
2025-10-11 02:47:10+00:00,101,94,1.25647,1795,38.47082348379648
2025-10-11 02:47:27+00:00,102,95,1.18178,1918,38.97246865475446
2025-10-11 02:47:46+00:00,91,95,0.92886,2078,38.83090991438993
2025-10-11 02:48:05+00:00,88,95,0.62673,1396,38.58650314735713
2025-10-11 02:48:22+00:00,87,97,0.40563,1513,38.979698615129344
2025-10-11 02:48:45+00:00,79,96,0.3958,1330,38.98599109789406
2025-10-11 02:49:05+00:00,80,96,0.31601,1567,39.04022002930298
2025-10-11 02:49:24+00:00,89,96,0.52624,3090,38.94074962386397
2025-10-11 02:49:44+00:00,90,95,0.73511,1547,38.773748996773556
2025-10-11 02:50:03+00:00,59,98,0.023,758,38.88502227600021
2025-10-11 02:50:23+00:00,59,98,0.029,744,38.020148706441795
2025-10-11 02:50:42+00:00,56,97,0.029,831,38.95192274599169
2025-10-11 02:51:00+00:00,59,98,0.015,964,38.080294153362345
2025-10-11 02:51:20+00:00,54,96,0.019,776,38.80521806752712
2025-10-11 02:51:39+00:00,53,96,0.052,724,38.926655078654704
2025-10-11 02:51:58+00:00,59,97,0.045,877,39.04457129042424
2025-10-11 02:52:18+00:00,54,97,0.019,939,38.55893837362232
2025-10-11 02:52:37+00:00,54,96,0.028,991,38.76973361093732
2025-10-11 02:52:53+00:00,59,96,0.034,610,38.27693993288013
2025-10-11 02:53:12+00:00,58,96,0.031,885,38.380545944774546
2025-10-11 02:53:32+00:00,55,96,0.045,885,38.780545944774545
2025-10-11 02:53:51+00:00,55,97,0.03,721,38.57693993288014
2025-10-11 02:54:10+00:00,82,97,0.3592,1162,39.04253361093732
2025-10-11 02:54:30+00:00,85,97,0.384,2571,39.14293837362232
2025-10-11 02:54:49+00:00,82,97,0.4318,1189,39.13977129042424
2025-10-11 02:55:08+00:00,85,97,0.4666,1140,39.433055078654704
2025-10-11 02:55:23+00:00,83,97,0.3882,1460,39.12001806752712
2025-10-11 02:55:44+00:00,83,95,0.534,1162,39.406294153362346
2025-10-11 02:56:03+00:00,86,96,0.4508,1523,38.78912274599168
2025-10-11 02:56:19+00:00,85,96,0.4914,1231,39.065748706441795
2025-10-11 02:56:38+00:00,88,95,0.5572,1628,39.24182227600021
2025-10-11 02:56:58+00:00,91,95,0.529,1206,39.21459899677355
2025-10-11 02:57:18+00:00,85,97,0.6698,1255,38.58413962386398
2025-10-11 02:57:37+00:00,88,95,0.6676,1276,39.050510029302984
2025-10-11 02:57:56+00:00,91,96,0.6374,1383,38.613781097894055
2025-10-11 02:58:15+00:00,81,95,0.421,1205,38.56622861512933
2025-10-11 02:58:35+00:00,87,95,0.50568,2349,38.346033147357126
2025-10-11 02:58:54+00:00,89,97,0.55193,1324,38.41466991438993
2025-10-11 02:59:13+00:00,84,96,0.64964,1306,38.96591865475446
2025-10-11 02:59:32+00:00,83,97,0.54095,1443,38.79723348379648
2025-10-11 02:59:52+00:00,89,96,0.54699,1612,38.310312744865236
2025-10-11 03:00:14+00:00,83,95,0.48783,1211,38.210728853812306
2025-10-11 03:00:31+00:00,85,96,0.33154,1212,37.9149481370511
2025-10-11 03:00:51+00:00,82,96,0.34404,1608,37.81255066343298
2025-10-11 03:01:10+00:00,75,95,0.24793,1165,37.81984007020578
2025-10-11 03:01:32+00:00,76,97,0.22311,1150,38.24153338332992
2025-10-11 03:01:51+00:00,78,97,0.30699,1248,37.87832083243635
2025-10-11 03:02:08+00:00,80,95,0.39482,2686,38.01875566071875
2025-10-11 03:02:28+00:00,98,95,0.864,1630,37.74627393006076
2025-10-11 03:02:48+00:00,99,96,1.14303,1599,37.66448432170618
2025-10-11 03:03:07+00:00,102,95,1.35079,1548,38.35630793278752
2025-10-11 03:03:26+00:00,102,96,1.41191,2022,38.20305806903444
2025-10-11 03:03:46+00:00,102,94,1.35384,1556,37.69689003399002
2025-10-11 03:04:05+00:00,100,94,1.22396,2265,37.34275091506807
2025-10-11 03:04:24+00:00,97,95,0.9515,1631,37.257199366789685
2025-10-11 03:04:44+00:00,86,96,0.72011,1287,37.064345391542
2025-10-11 03:05:03+00:00,81,96,0.41963,1152,36.889950118205626
2025-10-11 03:05:23+00:00,79,96,0.3958,1519,36.755035579000875
2025-10-11 03:05:42+00:00,81,96,0.33301,1571,37.27079448490564
2025-10-11 03:06:01+00:00,84,95,0.40198,1378,36.91782
2025-10-11 03:06:16+00:00,91,96,0.58447,1762,36.77829
2025-10-11 03:06:35+00:00,57,98,0.015,753,36.7
2025-10-11 03:06:55+00:00,55,96,0.052,673,36.2
2025-10-11 03:07:14+00:00,55,97,0.047,686,36.7
2025-10-11 03:07:33+00:00,54,96,0.024,660,36.5
2025-10-11 03:07:53+00:00,57,97,0.032,678,36.5
2025-10-11 03:08:09+00:00,55,97,0.031,828,36.6
2025-10-11 03:08:29+00:00,53,97,0.021,715,36.4
2025-10-11 03:08:48+00:00,60,97,0.036,779,36.8
2025-10-11 03:09:06+00:00,59,98,0.019,2438,36.1
2025-10-11 03:09:23+00:00,54,98,0.041,766,36.8
2025-10-11 03:09:42+00:00,56,96,0.016,902,36.2
2025-10-11 03:10:15+00:00,57,98,0.051,705,36.3
2025-10-11 03:10:35+00:00,59,98,0.046,905,35.9
2025-10-11 03:10:54+00:00,53,98,0.021,720,36.6
2025-10-11 03:11:14+00:00,80,96,0.2936,1420,36.7784
2025-10-11 03:11:33+00:00,80,97,0.3624,1342,37.0896
2025-10-11 03:11:53+00:00,86,95,0.4192,2247,36.8008
2025-10-11 03:12:12+00:00,84,97,0.406,1418,37.012
2025-10-11 03:12:31+00:00,80,96,0.4298,1697,37.2232
2025-10-11 03:12:50+00:00,89,96,0.4716,2503,36.6344
2025-10-11 03:13:09+00:00,82,96,0.4824,1414,37.0456
2025-10-11 03:13:28+00:00,88,96,0.5462,2089,37.0568
2025-10-11 03:13:47+00:00,89,95,0.61,1179,37.168
2025-10-11 03:14:07+00:00,83,97,0.5678,1727,36.9792
2025-10-11 03:14:26+00:00,85,97,0.6866,1636,36.6904
2025-10-11 03:14:46+00:00,85,96,0.6194,1405,36.6016
2025-10-11 03:15:05+00:00,82,96,0.37,1508,36.605
2025-10-11 03:15:24+00:00,81,95,0.47068,1174,36.7387
2025-10-11 03:15:43+00:00,88,97,0.57293,1191,37.26408
2025-10-11 03:15:58+00:00,91,97,0.65879,2136,36.57375
2025-10-11 03:16:18+00:00,86,97,0.58124,1406,36.57159
2025-10-11 03:16:37+00:00,90,95,0.52938,1610,36.75298
2025-10-11 03:16:56+00:00,80,95,0.52202,1427,37.12251
2025-10-11 03:17:16+00:00,84,97,0.38754,2796,36.98771
2025-10-11 03:17:35+00:00,84,95,0.24204,1259,36.65718
2025-10-11 03:17:54+00:00,77,95,0.30293,1041,36.43847
2025-10-11 03:18:13+00:00,83,96,0.27511,1189,37.13621
2025-10-11 03:18:31+00:00,83,97,0.24599,1031,36.75094
2025-10-11 03:18:51+00:00,79,95,0.37524,1211,36.87904
2025-10-11 03:19:10+00:00,98,95,0.93865,1924,37.2063
2025-10-11 03:19:25+00:00,103,95,1.18303,1969,37.08112
2025-10-11 03:19:44+00:00,106,96,1.31279,2101,37.35725
2025-10-11 03:20:04+00:00,110,96,1.46891,3039,36.98957
2025-10-11 03:20:23+00:00,105,96,1.38284,2144,37.4701
2025-10-11 03:20:42+00:00,102,95,1.16496,1703,37.20365
2025-10-11 03:21:01+00:00,93,95,0.9665,1858,36.70663
2025-10-11 03:21:21+00:00,87,96,0.66111,1639,37.10304
2025-10-11 03:21:39+00:00,81,97,0.42863,1689,36.61847
2025-10-11 03:21:54+00:00,81,97,0.4048,1494,36.88042
2025-10-11 03:22:14+00:00,86,96,0.37432,1230,36.97362
2025-10-11 03:22:34+00:00,87,97,0.44598,1316,36.81783
2025-10-11 03:22:53+00:00,93,95,0.72171,1480,37.30211
2025-10-11 03:23:12+00:00,59,98,0.024,906,36.6
2025-10-11 03:23:31+00:00,55,97,0.045,699,36.6
2025-10-11 03:23:50+00:00,60,96,0.027,799,36.6
2025-10-11 03:24:09+00:00,55,98,0.038,600,36.1
2025-10-11 03:24:28+00:00,55,96,0.036,2234,36.0
2025-10-11 03:24:47+00:00,53,98,0.04,793,36.5
2025-10-11 03:25:07+00:00,56,97,0.021,649,35.9
2025-10-11 03:25:26+00:00,56,97,0.017,659,36.2
2025-10-11 03:25:45+00:00,57,96,0.051,907,36.5
2025-10-11 03:26:04+00:00,53,96,0.052,2443,36.1
2025-10-11 03:26:24+00:00,55,98,0.043,826,35.9
2025-10-11 03:26:43+00:00,54,96,0.048,710,36.4
2025-10-11 03:27:06+00:00,55,96,0.034,943,36.6
2025-10-11 03:27:25+00:00,78,96,0.4106,1107,36.8784
2025-10-11 03:27:44+00:00,83,97,0.3274,1364,36.8896
2025-10-11 03:28:04+00:00,79,97,0.4432,2425,37.1008
2025-10-11 03:28:23+00:00,83,95,0.431,1316,37.112
2025-10-11 03:28:43+00:00,83,96,0.4548,1395,36.7232
2025-10-11 03:29:02+00:00,86,95,0.5556,1989,37.2344
2025-10-11 03:29:21+00:00,86,97,0.5504,1204,37.1456
2025-10-11 03:29:41+00:00,90,95,0.5672,1233,36.9568
2025-10-11 03:30:00+00:00,83,97,0.558,1719,36.768
2025-10-11 03:30:19+00:00,87,95,0.6498,1263,36.5792
2025-10-11 03:30:39+00:00,92,97,0.6106,1759,36.7904
2025-10-11 03:30:58+00:00,92,95,0.6614,1524,36.8016
2025-10-11 03:31:26+00:00,83,97,0.42155,1136,36.61377
2025-10-11 03:31:51+00:00,89,95,0.58375,2812,36.74612
2025-10-11 03:32:07+00:00,85,96,0.56793,1410,36.96408
2025-10-11 03:32:27+00:00,88,96,0.58764,1176,36.57486
2025-10-11 03:32:43+00:00,86,96,0.62684,1450,36.97377
2025-10-11 03:32:59+00:00,90,97,0.60108,1419,36.86414
2025-10-11 03:33:19+00:00,89,95,0.45593,2392,36.9388
2025-10-11 03:33:37+00:00,81,97,0.43229,1356,36.70511
2025-10-11 03:33:52+00:00,84,97,0.36004,1084,36.77935
2025-10-11 03:34:09+00:00,80,96,0.33204,1161,36.95718
2025-10-11 03:34:28+00:00,75,96,0.20893,1713,36.83847
2025-10-11 03:34:48+00:00,82,97,0.20211,1412,37.13621
2025-10-11 03:35:06+00:00,84,96,0.32899,1078,37.15094
2025-10-11 03:35:24+00:00,80,95,0.33624,1529,37.07904
2025-10-11 03:35:42+00:00,92,95,0.96265,1880,36.8063
2025-10-11 03:36:00+00:00,100,94,1.25326,1601,37.30338
2025-10-11 03:36:16+00:00,106,95,1.34179,1805,37.25725
2025-10-11 03:36:34+00:00,108,94,1.39591,1665,37.38957
2025-10-11 03:36:50+00:00,119,94,1.42673,1729,37.07978
2025-10-11 03:37:10+00:00,100,94,1.24947,2009,37.44196
2025-10-11 03:37:29+00:00,97,96,1.11449,1849,37.05758
2025-10-11 03:37:45+00:00,95,95,0.88886,1597,37.18033
2025-10-11 03:38:13+00:00,89,95,0.62673,1549,36.57917
2025-10-11 03:38:31+00:00,80,96,0.48167,1220,37.20293
2025-10-11 03:38:49+00:00,83,95,0.30115,1305,37.17044
2025-10-11 03:39:08+00:00,85,96,0.39779,1334,36.58975
2025-10-11 03:39:27+00:00,86,96,0.61534,2633,36.55608
2025-10-11 03:39:51+00:00,55,97,0.047,894,36.7
2025-10-11 03:40:09+00:00,54,96,0.031,811,36.7
2025-10-11 03:40:29+00:00,53,98,0.042,833,36.1
2025-10-11 03:40:46+00:00,59,98,0.046,604,36.7
2025-10-11 03:41:05+00:00,54,98,0.037,787,36.0
2025-10-11 03:41:23+00:00,56,98,0.044,1716,36.5
2025-10-11 03:41:41+00:00,59,97,0.022,820,36.3
2025-10-11 03:41:59+00:00,54,96,0.048,799,36.1
2025-10-11 03:42:17+00:00,53,97,0.029,908,36.2
2025-10-11 03:42:36+00:00,59,96,0.038,844,36.7
2025-10-11 03:42:55+00:00,59,97,0.498,797,36.2
2025-10-11 03:43:14+00:00,60,96,0.025,803,36.8
2025-10-11 03:43:33+00:00,56,96,0.015,745,36.0
2025-10-11 03:43:49+00:00,84,97,0.3072,1370,36.4728
2025-10-11 03:44:07+00:00,85,95,0.347,1551,36.484
2025-10-11 03:44:25+00:00,80,95,0.4608,1467,36.7952
2025-10-11 03:44:43+00:00,80,95,0.3896,1320,36.6064
2025-10-11 03:45:01+00:00,80,95,0.4764,2240,37.1176
2025-10-11 03:45:20+00:00,81,97,0.4942,3024,37.0288
2025-10-11 03:45:40+00:00,87,96,0.514,1727,36.54
2025-10-11 03:45:57+00:00,90,96,0.5058,1642,36.9512
2025-10-11 03:46:14+00:00,88,96,0.5906,1295,36.7624
2025-10-11 03:46:32+00:00,84,96,0.6044,1400,36.8736
2025-10-11 03:46:50+00:00,91,97,0.6562,1450,36.8848
2025-10-11 03:47:08+00:00,91,96,0.721,2553,36.596
2025-10-11 03:47:26+00:00,93,95,0.6288,1370,36.6072
2025-10-11 03:47:45+00:00,88,96,0.50774,1540,37.2224
2025-10-11 03:48:03+00:00,82,95,0.50817,1282,36.6529
2025-10-11 03:48:21+00:00,91,95,0.59615,1721,36.67156
2025-10-11 03:48:39+00:00,86,96,0.62284,1460,37.07377
2025-10-11 03:48:57+00:00,82,95,0.61082,1530,37.05899
2025-10-11 03:49:15+00:00,86,96,0.4635,1409,37.13086
2025-10-11 03:49:33+00:00,84,96,0.38074,1385,36.79634
2025-10-11 03:49:51+00:00,77,95,0.27548,1032,36.56396
2025-10-11 03:50:09+00:00,76,97,0.1973,1163,36.84172
2025-10-11 03:50:27+00:00,75,96,0.22133,1126,37.03513
2025-10-11 03:50:46+00:00,77,97,0.21476,3144,36.7458
2025-10-11 03:51:04+00:00,82,95,0.38582,1418,36.7711
2025-10-11 03:51:22+00:00,95,97,0.82,1862,37.18
2025-10-11 03:51:42+00:00,96,95,2.10003,1662,37.18112
2025-10-11 03:52:01+00:00,105,96,1.32992,1905,37.04175
2025-10-11 03:52:18+00:00,105,96,1.84646,1983,37.57968
2025-10-11 03:52:37+00:00,104,95,1.39553,1732,37.08632
2025-10-11 03:52:55+00:00,109,95,1.27747,1647,37.54196
2025-10-11 03:53:13+00:00,102,95,1.07349,1618,36.85758
2025-10-11 03:53:32+00:00,97,95,1.33821,1382,36.75402
2025-10-11 03:53:51+00:00,88,96,0.60943,1498,37.15689
2025-10-11 03:54:10+00:00,84,96,0.35089,1385,36.49018
2025-10-11 03:54:28+00:00,86,95,0.31099,1262,37.07038
2025-10-11 03:54:43+00:00,84,95,0.44879,2108,36.48975
2025-10-11 03:55:02+00:00,84,95,0.55834,1695,37.05608
2025-10-11 03:55:21+00:00,93,97,0.75965,1592,36.75303
2025-10-11 03:55:40+00:00,55,96,0.284,729,36.8
2025-10-11 03:55:58+00:00,58,97,0.048,976,36.3
2025-10-11 03:56:18+00:00,54,98,0.025,987,36.0
2025-10-11 03:56:37+00:00,58,97,0.023,930,36.2
2025-10-11 03:56:55+00:00,55,98,0.039,914,36.4
2025-10-11 03:57:14+00:00,59,96,0.052,635,36.3
2025-10-11 03:57:32+00:00,56,98,0.036,914,36.3
2025-10-11 03:57:51+00:00,56,96,0.033,673,36.0
2025-10-11 03:58:09+00:00,60,98,0.044,740,36.8
2025-10-11 03:58:28+00:00,56,97,0.032,605,36.6
2025-10-11 03:58:46+00:00,58,96,0.03,900,36.5
2025-10-11 03:59:05+00:00,53,97,0.046,613,36.3
2025-10-11 03:59:24+00:00,82,95,0.4022,1315,36.4728
2025-10-11 03:59:43+00:00,82,95,0.347,1598,37.084
2025-10-11 04:00:02+00:00,78,95,0.4328,2025,36.5952
2025-10-11 04:00:21+00:00,85,97,0.4686,2300,37.2064
2025-10-11 04:00:40+00:00,79,95,0.4704,1676,37.2176
2025-10-11 04:00:59+00:00,82,97,0.4422,1215,36.5288
2025-10-11 04:01:15+00:00,84,95,0.4628,1229,36.8372
2025-10-11 04:01:33+00:00,88,97,0.5346,1575,36.5484
2025-10-11 04:01:52+00:00,86,95,0.6044,1296,37.0596
2025-10-11 04:02:12+00:00,84,95,0.6282,1754,36.9708
2025-10-11 04:02:31+00:00,91,95,0.636,1413,36.982
2025-10-11 04:02:50+00:00,92,95,0.7088,2369,36.7932
2025-10-11 04:03:09+00:00,88,96,0.6696,3243,36.7044
2025-10-11 04:03:27+00:00,82,97,0.448,1601,37.005
2025-10-11 04:03:49+00:00,89,97,0.50368,1262,37.13871
2025-10-11 04:04:09+00:00,85,96,0.60293,1529,37.06408
2025-10-11 04:04:27+00:00,90,97,0.54479,1756,36.87375
2025-10-11 04:04:46+00:00,85,96,0.59224,1342,36.77159
2025-10-11 04:05:06+00:00,86,95,0.53438,1510,37.25298
2025-10-11 04:05:26+00:00,83,95,0.5185,1680,37.13086
2025-10-11 04:05:44+00:00,84,95,0.44829,2324,37.00511
2025-10-11 04:06:03+00:00,79,96,0.35204,1271,36.57935
2025-10-11 04:06:23+00:00,79,95,0.28104,1302,36.55718
2025-10-11 04:06:43+00:00,82,95,0.18993,1118,37.03848
2025-10-11 04:07:04+00:00,77,96,0.29611,1208,36.93621
2025-10-11 04:07:21+00:00,80,96,0.22376,1263,36.44579
2025-10-11 04:07:44+00:00,81,95,0.29582,1127,36.5711
2025-10-11 04:08:00+00:00,84,96,0.45988,1489,36.69601
2025-10-11 04:08:25+00:00,100,96,1.13903,1542,37.08112
2025-10-11 04:08:42+00:00,106,95,1.24192,1736,37.44175
2025-10-11 04:09:00+00:00,107,94,1.45336,1706,37.48625
2025-10-11 04:09:19+00:00,107,94,1.34773,1764,37.57978
2025-10-11 04:09:38+00:00,99,94,1.18313,1947,36.92394
2025-10-11 04:09:57+00:00,93,96,0.95306,1560,36.73252
2025-10-11 04:10:16+00:00,95,96,0.73561,1294,36.62812
2025-10-11 04:10:35+00:00,90,97,0.52612,1452,37.13655
2025-10-11 04:10:54+00:00,81,97,0.3198,3377,36.58042
2025-10-11 04:11:13+00:00,78,97,0.32032,3035,37.17362
2025-10-11 04:11:33+00:00,89,96,0.50498,1613,37.21782
2025-10-11 04:11:52+00:00,89,95,0.72171,1785,37.30211
2025-10-11 04:12:11+00:00,59,97,0.029,746,36.6
2025-10-11 04:12:29+00:00,56,98,0.034,652,36.3
2025-10-11 04:12:48+00:00,53,97,0.033,822,36.3
2025-10-11 04:13:08+00:00,56,97,0.047,696,36.1
2025-10-11 04:13:26+00:00,53,97,0.025,851,36.5
2025-10-11 04:13:45+00:00,60,96,0.015,780,36.1
2025-10-11 04:14:04+00:00,60,96,0.019,793,35.9
2025-10-11 04:14:21+00:00,53,96,0.041,2360,36.3
2025-10-11 04:14:40+00:00,58,98,0.048,2145,36.4
2025-10-11 04:15:00+00:00,57,96,0.015,837,36.7
2025-10-11 04:15:19+00:00,57,97,0.024,893,36.1
2025-10-11 04:15:37+00:00,57,98,0.015,668,36.6
2025-10-11 04:15:55+00:00,57,98,0.05,900,35.9
2025-10-11 04:16:14+00:00,83,95,0.3004,1551,36.8756
2025-10-11 04:16:33+00:00,80,97,0.4312,1091,37.1868
2025-10-11 04:16:51+00:00,84,97,0.3978,2968,37.0952
2025-10-11 04:17:10+00:00,84,96,0.4706,1673,37.2064
2025-10-11 04:17:29+00:00,80,96,0.4074,2819,37.0176
2025-10-11 04:17:48+00:00,80,95,0.4312,1232,37.0288
2025-10-11 04:18:07+00:00,83,97,0.453,1528,37.04
2025-10-11 04:18:26+00:00,87,97,0.5678,1576,37.1512
2025-10-11 04:18:45+00:00,90,95,0.6016,1357,37.0624
2025-10-11 04:19:04+00:00,91,97,0.6404,1751,37.0736
2025-10-11 04:19:24+00:00,84,95,0.6812,1744,36.8848
2025-10-11 04:19:42+00:00,91,97,0.633,1793,37.296
2025-10-11 04:20:05+00:00,87,96,0.6268,1350,37.2072
2025-10-11 04:20:33+00:00,88,96,0.50074,1616,36.7224
2025-10-11 06:34:24+00:00,87,96,0.477,1461,36.905
2025-10-11 06:34:41+00:00,84,96,0.52268,1295,36.93871
2025-10-11 06:34:59+00:00,86,96,0.52393,1294,36.76408
2025-10-11 06:35:16+00:00,84,96,0.64864,1268,36.57486
2025-10-11 06:35:54+00:00,80,97,0.424,1478,36.705
2025-10-11 06:36:11+00:00,89,97,0.46568,1636,36.93871
2025-10-11 06:36:29+00:00,88,96,0.53693,1649,36.86409
2025-10-11 06:36:46+00:00,83,96,0.64264,1542,36.77486
2025-10-11 06:37:03+00:00,86,95,0.56695,1438,36.66837
2025-10-11 06:37:21+00:00,81,95,0.48999,1207,36.94622
2025-10-11 06:37:38+00:00,81,96,0.46083,2076,37.01388
2025-10-11 06:37:56+00:00,85,95,0.31604,1435,36.87934
2025-10-11 06:38:14+00:00,83,97,0.24254,1174,36.75116
2025-10-11 06:38:31+00:00,82,96,0.20027,1491,36.83627
2025-10-11 06:38:50+00:00,82,96,0.26067,1033,36.43837
2025-10-11 06:39:08+00:00,78,95,0.32241,1602,37.15694
2025-10-11 06:39:27+00:00,80,97,0.3147,1616,36.98738
2025-10-11 06:39:46+00:00,101,95,1.02523,1568,37.2322
2025-10-11 06:40:04+00:00,106,95,1.3015,1732,37.42369
2025-10-11 06:40:22+00:00,102,95,1.44646,1949,37.27968
2025-10-11 06:40:41+00:00,110,96,1.44753,1623,37.08632
2025-10-11 06:40:59+00:00,99,94,1.24847,1849,37.44196
2025-10-11 06:41:17+00:00,97,95,1.08449,1615,37.45758
2025-10-11 06:41:35+00:00,92,95,0.84221,2968,36.65402
2025-10-11 06:41:52+00:00,89,97,0.56043,1244,36.85689
2025-10-11 06:42:10+00:00,84,97,0.41389,1377,36.99018
2025-10-11 06:42:28+00:00,79,96,0.38899,1247,37.17038
2025-10-11 06:42:46+00:00,86,95,0.43629,1537,36.60239
2025-10-11 06:43:07+00:00,92,95,0.62047,1492,37.07829
2025-10-11 06:43:24+00:00,94,96,0.79765,1794,36.65303
2025-10-11 06:43:42+00:00,58,97,0.035,932,36.7
2025-10-11 06:44:00+00:00,57,97,0.041,792,36.3
2025-10-11 06:44:18+00:00,59,97,0.052,623,35.9
2025-10-11 06:44:35+00:00,53,98,0.052,762,36.6
2025-10-11 06:44:52+00:00,60,96,0.025,894,36.6
2025-10-11 06:45:10+00:00,59,97,0.041,646,36.7
2025-10-11 06:45:28+00:00,54,98,0.027,676,36.8
2025-10-11 06:45:46+00:00,54,97,0.018,759,36.0
2025-10-11 06:46:04+00:00,59,98,0.036,721,36.6
2025-10-11 06:46:22+00:00,58,98,0.031,748,36.7
2025-10-11 06:46:41+00:00,57,97,0.032,686,36.8
2025-10-11 06:46:57+00:00,59,98,0.052,770,36.1
2025-10-11 06:47:36+00:00,79,96,0.3124,1270,37.1756
2025-10-11 06:47:53+00:00,78,97,0.4372,1362,36.5868
2025-10-11 06:48:11+00:00,85,95,0.381,1954,36.898
2025-10-11 06:48:28+00:00,85,96,0.4158,1470,36.6092
2025-10-11 06:48:45+00:00,84,97,0.4034,1244,36.8176
2025-10-11 06:49:03+00:00,86,96,0.4272,1657,36.8288
2025-10-11 06:49:22+00:00,84,96,0.569,2507,36.74
2025-10-11 16:17:40+00:00,87,96,0.482,1193,37.005
2025-10-11 16:17:58+00:00,86,97,0.56868,1426,37.2387
2025-10-11 16:18:16+00:00,90,95,0.51793,1650,36.66409
2025-10-11 16:18:34+00:00,87,97,0.65364,1431,37.07486
2025-10-11 16:18:52+00:00,84,96,0.64795,1614,36.56837
2025-10-11 16:19:10+00:00,87,97,0.59299,1696,36.64622
2025-10-11 16:19:29+00:00,86,96,0.50483,1605,36.51388
2025-10-11 16:19:47+00:00,85,96,0.30504,1982,37.17934
2025-10-11 16:20:06+00:00,80,95,0.24154,1035,37.05116
2025-10-11 16:20:21+00:00,80,96,0.23693,1541,37.13847
2025-10-11 16:20:39+00:00,80,95,0.26311,1203,36.93621
2025-10-11 16:20:58+00:00,78,97,0.31999,1480,37.05094
2025-10-11 16:21:16+00:00,81,97,0.41124,1893,37.17904
2025-10-11 16:21:34+00:00,93,95,0.99665,1670,37.00631
2025-10-11 16:21:52+00:00,97,94,1.15426,1587,37.00338
2025-10-11 16:22:11+00:00,102,96,1.40547,2896,37.06996
2025-10-11 17:07:15+00:00,84,96,0.06202,103,36.86506
2025-10-11 17:07:35+00:00,107,96,0.06061,105,37.28925
2025-10-11 17:07:54+00:00,91,97,0.65347,128,36.79046
2025-10-11 17:08:14+00:00,56,97,0.06639,106,36.3
2025-10-11 17:08:35+00:00,87,95,0.06338,110,36.80693
2025-10-11 17:08:54+00:00,88,97,0.06677,178,36.90027
2025-10-11 17:09:14+00:00,84,96,0.06444,157,37.16497
2025-10-11 17:09:35+00:00,106,95,0.06149,155,36.98922
2025-10-11 17:09:55+00:00,85,96,0.06277,192,37.29074
2025-10-11 17:10:14+00:00,56,96,0.06346,176,36.4
2025-10-11 17:10:35+00:00,87,95,0.0629,127,36.60696
2025-10-11 17:10:55+00:00,89,96,0.06738,112,37.0003
2025-10-11 17:11:38+00:00,80,96,0.06736,111,36.76506
2025-10-11 17:11:58+00:00,108,95,0.06599,112,36.98924
2025-10-11 17:12:18+00:00,87,95,0.06323,111,36.99042
2025-10-11 17:12:38+00:00,58,97,0.08604,129,36.4
2025-10-11 17:13:03+00:00,80,97,0.06468,89,36.5713
2025-10-11 17:13:23+00:00,108,94,0.35418,207,37.48996
2025-10-11 17:13:42+00:00,92,96,1.04656,103,37.27103
2025-10-11 17:14:03+00:00,58,96,0.11717,71,36.2
2025-10-11 17:14:22+00:00,86,95,0.0,13,36.90458
2025-10-11 17:14:43+00:00,90,95,0.0,16,36.99792
2025-10-11 17:15:03+00:00,77,96,0.0,15,36.97122
2025-10-11 17:15:22+00:00,108,95,0.0,16,37.38996
2025-10-11 17:16:03+00:00,84,97,0.06405,67,36.96507
2025-10-11 17:16:23+00:00,107,96,0.06123,67,37.58925
2025-10-11 17:16:43+00:00,91,96,0.05947,67,36.69038
2025-10-11 17:17:03+00:00,60,97,0.06115,71,36.5
2025-10-11 17:17:23+00:00,79,97,0.06395,70,37.20692
2025-10-11 17:17:43+00:00,86,95,0.06591,91,37.30026
2025-10-11 17:18:03+00:00,84,95,0.06427,66,36.96499
2025-10-11 17:18:29+00:00,84,96,0.22001,64,36.76505
2025-10-11 17:18:49+00:00,104,95,0.10141,58,37.28924
2025-10-11 17:19:08+00:00,88,97,0.06867,93,37.29046
2025-10-11 17:19:29+00:00,53,98,0.06424,50,36.5
2025-10-11 17:19:49+00:00,82,97,0.0613,49,36.60693
2025-10-11 17:20:08+00:00,91,96,0.06092,48,36.90026
2025-10-11 17:20:29+00:00,77,96,0.42003,46,37.16498
2025-10-11 17:20:49+00:00,107,94,0.06342,48,37.38922
2025-10-11 17:21:08+00:00,88,97,0.06165,46,36.89074
2025-10-11 17:21:28+00:00,54,98,0.06163,48,36.3
2025-10-11 17:21:49+00:00,87,97,0.05983,51,37.00696
2025-10-11 17:22:08+00:00,89,96,0.06226,48,37.1003
2025-10-11 17:22:29+00:00,78,95,0.06584,44,36.5649
2025-10-11 17:22:49+00:00,106,94,0.05879,39,37.08919
2025-10-11 17:23:08+00:00,87,97,0.06401,65,37.19098
2025-10-11 17:23:28+00:00,54,98,0.06327,74,36.2
2025-10-11 17:23:48+00:00,83,96,0.06207,47,37.10699
2025-10-11 17:24:09+00:00,85,97,0.0718,42,36.80032
2025-10-11 17:24:28+00:00,78,96,0.06306,52,36.66482
2025-10-11 17:24:48+00:00,104,94,0.05722,43,37.08917
2025-10-11 17:25:08+00:00,88,95,0.06398,47,36.89122
2025-10-11 17:25:28+00:00,59,98,0.06418,39,36.4
2025-10-11 17:25:48+00:00,85,95,0.06507,43,36.60701
2025-10-11 17:26:08+00:00,85,95,0.06147,38,37.30035
2025-10-11 17:26:29+00:00,84,96,0.06297,52,36.86475
2025-10-11 17:26:49+00:00,107,96,0.0586,37,37.38914
2025-10-11 17:27:08+00:00,85,96,0.06043,64,37.09146
2025-10-11 17:27:28+00:00,54,97,0.06337,45,36.2
2025-10-11 17:27:48+00:00,80,97,0.06569,43,36.70705
2025-10-11 17:28:08+00:00,92,97,0.06183,40,37.20039
2025-10-11 17:28:29+00:00,81,96,0.06407,48,36.96465
2025-10-11 17:28:53+00:00,105,94,0.06657,45,37.48911
2025-10-11 17:29:08+00:00,85,97,0.06286,42,36.79181
2025-10-11 17:29:28+00:00,55,97,0.06561,40,36.4
2025-10-11 17:29:49+00:00,86,95,0.06197,37,36.70708
2025-10-11 17:30:08+00:00,87,97,0.07982,49,37.20042
2025-10-11 17:30:28+00:00,80,95,0.0628,45,36.66457
2025-10-11 17:30:48+00:00,103,96,0.06424,58,37.08908
2025-10-11 17:31:08+00:00,92,95,0.06711,45,37.09205
2025-10-11 17:31:28+00:00,58,98,0.06242,42,36.2
2025-10-11 17:31:48+00:00,79,96,0.06538,42,37.10711
2025-10-11 17:32:08+00:00,88,96,0.06196,43,36.80045
2025-10-11 17:32:28+00:00,78,97,0.05788,47,36.56449
2025-10-11 17:32:50+00:00,102,94,0.06353,45,37.28905
2025-10-11 17:33:08+00:00,91,95,0.06485,93,37.09233
2025-10-11 17:33:28+00:00,54,98,0.0649,18,36.2
2025-10-11 17:33:48+00:00,80,97,0.06652,16,37.20715
2025-10-11 17:34:08+00:00,91,97,0.0,18,36.70049
2025-10-11 17:34:28+00:00,79,96,0.0,12,36.66442
2025-10-11 17:34:48+00:00,108,95,0.0,12,37.58903
2025-10-11 17:35:08+00:00,86,96,0.0,13,36.79257
2025-10-11 17:35:28+00:00,56,97,0.0,15,36.3
2025-10-11 17:35:48+00:00,84,97,0.0,16,36.70717
2025-10-11 17:36:09+00:00,89,95,0.0,16,37.30051
2025-10-11 17:36:29+00:00,80,95,0.0,16,36.76434
2025-10-13 09:45:14+00:00,83,95,0.0,0,36.70525
2025-10-13 09:45:35+00:00,82,96,0.0,0,36.74432
2025-10-13 09:45:54+00:00,104,96,0.0,18,37.36156
2025-10-13 09:46:35+00:00,78,97,0.0,0,36.67803
2025-10-13 09:46:55+00:00,105,95,0.0,0,37.08831
2025-10-13 09:47:15+00:00,91,96,0.0,0,36.75252
2025-10-13 09:47:35+00:00,56,96,0.0,0,36.4
2025-10-13 09:47:58+00:00,82,95,0.0,0,37.20221
2025-10-13 09:48:19+00:00,86,97,0.0,78,36.89554
2025-10-13 09:48:35+00:00,84,96,0.0,106,36.97795
2025-10-13 09:48:55+00:00,104,96,0.0,77,37.48835
2025-10-13 09:49:15+00:00,86,97,0.0,70,36.85273
2025-10-13 09:49:37+00:00,55,98,0.0,23,36.1
2025-10-13 09:49:55+00:00,80,97,0.0,21,36.70223
2025-10-13 09:50:15+00:00,86,97,0.0,21,37.19557
2025-10-13 09:50:34+00:00,80,95,0.0,105,36.87787
2025-10-13 09:50:54+00:00,109,96,0.0,94,37.28838
2025-10-13 09:51:16+00:00,91,96,0.0,102,36.85294
2025-10-13 09:51:34+00:00,54,96,0.0,73,36.3
2025-10-13 09:51:55+00:00,83,96,0.0,67,36.70226
2025-10-13 09:52:15+00:00,87,95,0.0,79,36.6956
2025-10-13 09:52:34+00:00,80,95,0.0,80,37.17779
2025-10-13 09:52:54+00:00,108,96,0.0,79,37.58841
2025-10-13 09:53:34+00:00,58,97,0.0,57,36.2
2025-10-13 09:53:54+00:00,78,97,0.0,53,37.20229
2025-10-13 09:54:15+00:00,86,96,0.0,39,36.79563
2025-10-13 09:54:34+00:00,85,96,0.0,48,36.8777
2025-10-13 09:54:55+00:00,109,96,0.0,70,37.48845
2025-10-13 09:55:19+00:00,90,97,0.0,67,36.65336
2025-10-13 09:55:35+00:00,58,96,0.0,72,36.2
2025-10-13 09:55:59+00:00,81,95,0.0,66,36.80231
2025-10-13 09:56:14+00:00,91,95,0.0,69,36.69566
2025-10-13 09:56:38+00:00,85,97,0.0,67,37.07763
2025-10-13 09:56:55+00:00,102,95,0.0,66,37.58847
2025-10-13 09:57:17+00:00,87,97,0.0,64,37.15357
2025-10-13 09:57:36+00:00,57,98,0.0,59,36.3
2025-10-13 09:57:55+00:00,85,96,0.0,71,37.20234
2025-10-13 09:58:17+00:00,87,97,0.0,71,37.09568
2025-10-13 09:58:36+00:00,78,97,0.0,77,36.87754
2025-10-13 09:58:55+00:00,110,95,0.0,77,37.48851
2025-10-13 09:59:14+00:00,84,96,0.0,59,36.95378
2025-10-13 09:59:34+00:00,59,97,0.0,67,36.5
2025-10-13 09:59:57+00:00,86,97,0.0,75,37.10237
2025-10-13 10:00:14+00:00,89,95,0.0,66,36.69571
2025-10-13 10:00:35+00:00,85,95,0.0,80,36.77746
2025-10-13 10:01:13+00:00,80,96,0.0,28,36.97799
2025-10-13 10:01:33+00:00,104,96,0.0,17,37.38833
2025-10-13 10:01:52+00:00,87,96,0.0,1,37.05263
2025-10-13 10:02:13+00:00,56,98,0.0,0,36.5
2025-10-13 10:02:32+00:00,83,97,0.0,0,37.00222
2025-10-13 10:02:54+00:00,86,96,0.0,0,37.09555
2025-10-13 10:03:13+00:00,84,97,0.0,0,37.07791
2025-10-13 10:03:32+00:00,110,94,0.0,0,37.08836
